"","sa_1","sq_1","s10z_1","sdq_1","sdq6_1","sdr_1","sbi_1","sci_1","ssk_1","sku_1","sds_1","sfd_1","srw_2","srw_3","std_1","std_2","svi_1","stxr_1","stxr_2","ssc_1","sv_1","sph_1","sk_1","smean_1","spk_1","svk_1","scl_1","sdc_1","tpi_1","tri_1","vrm_1","sar_1","raster.entropy_1","slope_1","northness_1","eastness_1","TPI_1","TRI_1","TRIriley_1","TRIrmsd_1","roughness_1","stdv_1","mad_1","nmodes_1","range_1","curvature_profile_1","curvature_planform_1","curvature_total_1"
"sa_1",1,0.998223945777099,0.6342405799899,0.821991649744535,0.575899852651524,-0.395641719786453,0.314854557508312,-0.440827072256538,-0.00170645633496368,-0.13728428578447,-0.595067212160521,-0.429972535189007,-0.411792218415437,-0.425281801156395,0.0408376539059986,-0.482922432212867,-0.511739069397385,-0.017867631171345,0.0108400424099975,0.676445717072921,0.520843693220047,0.634498498689164,0.959629061042266,0.573654702701593,0.737641807077236,0.566148734168188,-0.0178676311713318,0.763077166605338,0.144766195113719,0.879206091213759,0.418770763820253,-0.899547252199367,0.225284140501342,0.889963776176285,-0.328859813210582,0.0129086540035856,0.144766195113649,0.882769622112149,0.879195703846911,0.879195703846916,0.886660659065931,0.998223945777099,0.98146045572502,-0.139994781169461,0.969304397527405,0.114750909088415,-0.00819371311744564,0.338649412761019
"sq_1",0.998223945777099,1,0.650966100555795,0.830663504387322,0.592807287053912,-0.40123404608379,0.30174729852919,-0.457854014626953,-0.00144040959595143,-0.104673094469774,-0.602670359997155,-0.436588427159447,-0.410202314516543,-0.425694916733993,0.0424545096838566,-0.486656888688467,-0.528187771747417,-0.0167767463442031,0.0143271100975618,0.685290073002103,0.53755438944295,0.651211794429156,0.960539199110108,0.590627266282047,0.748778722098588,0.585649882676847,-0.0167767463441894,0.7740413151618,0.148633720140697,0.888514837389178,0.426916502259792,-0.90699933780548,0.228033283463693,0.899078126403741,-0.32668239843739,0.00979678930165131,0.14863372014063,0.891957495622086,0.888501509118594,0.8885015091186,0.895558504133337,1,0.97240766222041,-0.153840216095776,0.980200554739196,0.119339545746855,-0.0116712586223565,0.339815992179313
"s10z_1",0.6342405799899,0.650966100555795,1,0.517216451976187,0.996802019061039,-0.35296754772933,-0.315186649873577,-0.972028214735581,-0.109588237663082,-0.0360936417242229,-0.558044825662949,-0.397780146328302,-0.33877290204826,-0.32029741107571,0.147057466611105,-0.357982326995614,-0.987538419388603,0.0941193284016221,0.205572421772848,0.590775444732138,0.98947402556997,0.999967074112764,0.664503102136476,0.996595563900947,0.48422284532944,0.531197267390249,0.0941193284016375,0.58493532477363,0.0395704462361745,0.577579397655846,0.350452127928953,-0.58636475349371,0.205772523884493,0.590644228643932,-0.413981314132753,0.0447327864885678,0.0395704462360419,0.578410546377444,0.577538337226934,0.577538337226891,0.58168518170281,0.650966100555795,0.583526022570709,0.0131893041841068,0.702506911897539,0.104509140044513,-0.0294003690839075,0.222234684937761
"sdq_1",0.821991649744535,0.830663504387322,0.517216451976187,1,0.465232902416353,-0.0676563925046821,0.163709442900481,-0.346480815793885,0.124408043105132,0.0129572840392365,-0.510452461596596,-0.0749258934213958,-0.211034278572214,-0.347767634816238,-0.0024188541836759,-0.162556406178321,-0.405899051464188,0.0348761784893097,0.0775165617870298,0.472667403825608,0.415142867957432,0.517245210009588,0.801818504892941,0.46359077175474,0.646219866795917,0.521328872351914,0.0348761784893225,0.668037085985209,0.157039607295672,0.97910435515422,0.75066442056343,-0.95343321625382,0.0102697683042189,0.961477078818215,-0.30154313982917,-0.117416543754213,0.157039607295568,0.976491272564994,0.979101011121044,0.979101011121032,0.974060838397404,0.830663504387322,0.780904113680146,-0.195630435202113,0.836423064547178,0.331157737803449,-0.269500613716408,0.0113932911700682
"sdq6_1",0.575899852651524,0.592807287053912,0.996802019061039,0.465232902416353,1,-0.33358402241014,-0.366850114558887,-0.987043878999328,-0.13372635587289,-0.0343843945782588,-0.532666840735479,-0.377390775978081,-0.319748813300518,-0.297059748574599,0.151811738298507,-0.33220452572433,-0.995769812040607,0.0981532589735717,0.214188242644229,0.556351773569398,0.997083621789805,0.996664444576525,0.613979723821791,0.999995086468904,0.422123244018614,0.519701577240382,0.0981532589735876,0.529396967476393,0.0406573631806767,0.524152882253365,0.325597503639696,-0.533502841407024,0.194789336685397,0.537248947756783,-0.408622903467654,0.0473526978056859,0.0406573631805415,0.524832397474443,0.524114582687005,0.524114582686957,0.527986976574667,0.592807287053912,0.527306598361345,0.0321969965831745,0.646961242705597,0.103513784796024,-0.0334971254817198,0.202922720181217
"sdr_1",-0.395641719786453,-0.40123404608379,-0.35296754772933,-0.0676563925046821,-0.33358402241014,1,-0.216572078181143,0.288950319480471,0.257154697203044,0.243219312186586,0.578452245019405,0.908429103955799,0.647049903510547,0.62449121153821,-0.0358427675535872,0.880627775719978,0.311828674544845,0.0618532737096732,0.0610435109603584,-0.751588501908567,-0.315387252767534,-0.353168807883766,-0.391841140293649,-0.332875304385729,-0.322467517370552,-0.264755955749546,0.0618532737096993,-0.369682081342581,-0.0367887797753775,-0.222773658831676,0.402229044558735,0.249143399636431,-0.473279853327564,-0.291958254821116,0.163463286031857,-0.108470768352475,-0.0367887797753565,-0.233204896105011,-0.222770204438405,-0.222770204438486,-0.247048487110894,-0.40123404608379,-0.377891913416632,0.246988068506245,-0.414848455965149,0.399789776310793,-0.543613329575012,-0.843738209234684
"sbi_1",0.314854557508312,0.30174729852919,-0.315186649873577,0.163709442900481,-0.366850114558887,-0.216572078181143,1,0.461557873340734,0.146629700670871,-0.15794964868269,0.0262774113111963,-0.226118528428246,-0.292524707308375,0.00316138682257479,-0.0957458341996681,-0.33819636355343,0.410590197442754,-0.285734057733611,-0.507697904605289,0.0858018299948793,-0.405041949181515,-0.314556072854957,0.226750025607965,-0.368819124246904,0.315542422104582,-0.032864582844076,-0.285734057733623,0.236098288652723,-0.00144094776327709,0.213309820217099,-0.100579915243904,-0.239237164538084,0.210954294386088,0.227328542932479,0.03887851316274,-0.0213837594170952,-0.00144094776327575,0.218652664221271,0.213321061260789,0.213321061260893,0.22342649645361,0.30174729852919,0.321341797688297,-0.124600527804003,0.237926054486624,-0.351334798618895,0.38399503626872,0.373224376980142
"sci_1",-0.440827072256538,-0.457854014626953,-0.972028214735581,-0.346480815793885,-0.987043878999328,0.288950319480471,0.461557873340734,1,0.143265062026442,0.030427755977979,0.468104181009349,0.330389071255324,0.27595368844493,0.245626883742449,-0.159466547614097,0.270614896022445,0.996036573583792,-0.114365191092439,-0.235407045271739,-0.478054922308643,-0.995405312107927,-0.971864240876597,-0.488173314758114,-0.987443798667701,-0.319527885831332,-0.445607412166994,-0.114365191092454,-0.432707866545592,-0.00727341668807955,-0.400130045850393,-0.272330183633168,0.408115952255634,-0.170776107705489,-0.412661927108068,0.390940062620085,-0.0548274450426254,-0.00727341668794082,-0.400256305707352,-0.400090789153941,-0.400090789153886,-0.40324513366946,-0.457854014626953,-0.394664804446873,-0.0741276818555959,-0.517673072446232,-0.0883525257048812,0.0329630664323749,-0.156024251294112
"ssk_1",-0.00170645633496368,-0.00144040959595143,-0.109588237663082,0.124408043105132,-0.13372635587289,0.257154697203044,0.146629700670871,0.143265062026442,1,0.270666008381431,0.204649415125105,0.141352397243964,0.13403589705839,0.158291300730137,-0.0520159358861941,0.246764780312654,0.113807052934551,0.11340333661348,0.0449506726889431,-0.11430683596573,-0.119628955942819,-0.108084604655736,-0.0804140113577572,-0.133953593777074,0.370478720592232,-0.460706089259152,0.11340333661347,0.213071723076396,-0.294034820986637,0.0702775822622583,0.196520407663993,-0.0313808231419347,-0.0306570887357957,0.0441889692057124,0.102898806916461,-0.0475959470317703,-0.294034820986571,0.0662985170317626,0.0701869354319144,0.0701869354319385,0.0613399022327647,-0.00144040959595143,-0.0423463395906691,-0.104470059540314,-0.0138948810321929,-0.0904686123482791,0.0270340980882854,-0.186156451935884
"sku_1",-0.13728428578447,-0.104673094469774,-0.0360936417242229,0.0129572840392365,-0.0343843945782588,0.243219312186586,-0.15794964868269,0.030427755977979,0.270666008381431,1,0.201990545895558,0.11598675040264,0.307653875885125,0.232729095661949,0.19441585637367,0.311577693873289,0.0396622950324494,0.087553496759447,0.138223047112957,-0.0959440322547506,-0.0377309105127275,-0.0355912967107558,-0.183791565553055,-0.0339236991483651,0.0633127239299864,0.195224178047789,0.0875534967594535,0.0487288545707418,-0.0855551702491114,-0.0353267315949347,0.0738845624378873,0.0709553738586433,-0.057299322250809,-0.0543942402968422,0.103150577500481,-0.0378298179194288,-0.0855551702489017,-0.0380136086448788,-0.035419648082493,-0.035419648082473,-0.0451117898992478,-0.104673094469774,-0.212173355331915,-0.227010520635409,-0.0127070672068411,-0.0172776045310115,-0.029560794809497,-0.1719740631522
"sds_1",-0.595067212160521,-0.602670359997155,-0.558044825662949,-0.510452461596596,-0.532666840735479,0.578452245019405,0.0262774113111963,0.468104181009349,0.204649415125105,0.201990545895558,1,0.510931251587905,0.560881405529696,0.805847511234276,-0.055912667371374,0.591210930662767,0.500349073613528,-0.0395983887224888,-0.124720674665939,-0.868090483303273,-0.505533269229951,-0.557811488324868,-0.604796349459681,-0.531660070593645,-0.438842942220085,-0.420944399882422,-0.0395983887224977,-0.500733666107996,-0.119174560457729,-0.573212127435869,-0.111781918611489,0.594100561529125,-0.175470785548548,-0.635682783358174,0.269078452927777,-0.0499722847879011,-0.119174560457629,-0.580199003084934,-0.573208200051869,-0.573208200051836,-0.596175757270413,-0.602670359997155,-0.574491092281425,0.359605168626431,-0.619042782881692,-0.319798663836553,0.177690547043463,-0.335386118789848
"sfd_1",-0.429972535189007,-0.436588427159447,-0.397780146328302,-0.0749258934213958,-0.377390775978081,0.908429103955799,-0.226118528428246,0.330389071255324,0.141352397243964,0.11598675040264,0.510931251587905,1,0.624249830019601,0.542211699053247,-0.101044865224276,0.810377525793503,0.355037126797709,0.0497537424245424,0.05083582603116,-0.755104775830695,-0.358629903322229,-0.398011235424686,-0.417147174392017,-0.376618916572343,-0.361920597514725,-0.290255922056695,0.0497537424245596,-0.404152127807101,-0.0392634339212747,-0.226598117843873,0.402193114546603,0.258516848893577,-0.587626053042374,-0.292677742642339,0.176734071099321,-0.102883837453279,-0.0392634339212294,-0.237456964822619,-0.226541022211128,-0.226541022211214,-0.250176778075085,-0.436588427159447,-0.405229457120426,0.223274973399318,-0.451877077876971,0.386282539463827,-0.531202707813815,-0.838630915169345
"srw_2",-0.411792218415437,-0.410202314516543,-0.33877290204826,-0.211034278572214,-0.319748813300518,0.647049903510547,-0.292524707308375,0.27595368844493,0.13403589705839,0.307653875885125,0.560881405529696,0.624249830019601,1,0.716005200095438,-0.0351418482784463,0.708706401515086,0.299411927336115,0.140931675559377,0.153644491756929,-0.630790809837364,-0.302507488238345,-0.338092006709203,-0.430376202990535,-0.318864740632553,-0.26039794039624,-0.216209183457101,0.140931675559399,-0.32814698427663,-0.117887771780652,-0.351386880911339,0.256720143031512,0.3753322449951,-0.408678879530824,-0.416141540559733,0.182811625138493,0.00936113243766074,-0.117887771780559,-0.362540754017246,-0.35139424352558,-0.3513942435256,-0.37782091667724,-0.410202314516543,-0.423453506013834,0.0828990619346298,-0.394280270383986,0.0806377016076539,-0.222588401979522,-0.6139048470482
"srw_3",-0.425281801156395,-0.425694916733993,-0.32029741107571,-0.347767634816238,-0.297059748574599,0.62449121153821,0.00316138682257479,0.245626883742449,0.158291300730137,0.232729095661949,0.805847511234276,0.542211699053247,0.716005200095438,1,-0.024731416901777,0.651290786406736,0.272856842637089,-0.0241248129612383,-0.110583633972392,-0.787855843809655,-0.276399831135866,-0.319992728225142,-0.44148478866674,-0.296168431951294,-0.303052866490036,-0.227905705226135,-0.0241248129612246,-0.365313303550756,-0.074125626270502,-0.42639124608517,0.110320714697926,0.439572349136311,-0.230072468588602,-0.493192056771855,0.179291456099272,-0.0419228633595792,-0.0741256262704579,-0.434838818448798,-0.426393601253557,-0.426393601253566,-0.451967696953335,-0.425694916733993,-0.434705905273955,0.285232012778818,-0.421680420412252,-0.190076107681952,0.0419005770956956,-0.449651004256035
"std_1",0.0408376539059986,0.0424545096838566,0.147057466611105,-0.0024188541836759,0.151811738298507,-0.0358427675535872,-0.0957458341996681,-0.159466547614097,-0.0520159358861941,0.19441585637367,-0.055912667371374,-0.101044865224276,-0.0351418482784463,-0.024731416901777,1,0.0834568849816766,-0.153005314514799,0.070582364277071,0.137797745712895,0.110009791687005,0.153033849554273,0.14812808428401,0.016929468159371,0.151797808325277,0.0528670559998023,0.145564549323371,0.070582364277062,0.129519442705453,-0.0567412983455731,0.0134641922839068,-0.0100132185704986,0.00162277081334456,0.116164782115602,0.0156353034526327,-0.0676028136343003,-0.0717290272157317,-0.0567412983455621,0.0138338344136437,0.0134153000334387,0.0134153000334297,0.0135484739853943,0.0424545096838566,0.031043428194506,-0.0973940327090019,0.0724541009754795,-0.0477776311138783,0.0420648558823359,0.0108606876516447
"std_2",-0.482922432212867,-0.486656888688467,-0.357982326995614,-0.162556406178321,-0.33220452572433,0.880627775719978,-0.33819636355343,0.270614896022445,0.246764780312654,0.311577693873289,0.591210930662767,0.810377525793503,0.708706401515086,0.651290786406736,0.0834568849816766,1,0.301315913520948,0.142293932762471,0.181134645461956,-0.756257421239,-0.306271019193564,-0.357649723197641,-0.485382116945908,-0.331229246973533,-0.343286012866147,-0.308742589745433,0.142293932762491,-0.378987308162556,-0.110480005215635,-0.306695999271789,0.357620780385343,0.345939733806623,-0.448253711031527,-0.37765412315314,0.188163184008082,-0.0373724551399574,-0.110480005215618,-0.317982997517347,-0.306702162184371,-0.306702162184461,-0.333045050252657,-0.486656888688467,-0.47269723692043,0.241584680170391,-0.484299111251819,0.279735870008439,-0.440627878425346,-0.827109014501291
"svi_1",-0.511739069397385,-0.528187771747417,-0.987538419388603,-0.405899051464188,-0.995769812040607,0.311828674544845,0.410590197442754,0.996036573583792,0.113807052934551,0.0396622950324494,0.500349073613528,0.355037126797709,0.299411927336115,0.272856842637089,-0.153005314514799,0.301315913520948,1,-0.114564660800522,-0.2310771997942,-0.519081227593356,-0.999857721163738,-0.987468461529668,-0.548606198552429,-0.995945695137101,-0.39322455391898,-0.453944483544694,-0.114564660800537,-0.491763610401757,-0.00323211822237589,-0.461132258401001,-0.300893630563426,0.470124194046823,-0.184223443619939,-0.473709255641614,0.403657130761001,-0.0516372816086156,-0.00323211822223777,-0.461465856784491,-0.461090163453656,-0.461090163453606,-0.464729343032751,-0.528187771747417,-0.462796605742567,-0.0601616854689938,-0.582401672897162,-0.0920006354255738,0.0310599813798711,-0.175290666015296
"stxr_1",-0.017867631171345,-0.0167767463442031,0.0941193284016221,0.0348761784893097,0.0981532589735717,0.0618532737096732,-0.285734057733611,-0.114365191092439,0.11340333661348,0.087553496759447,-0.0395983887224888,0.0497537424245424,0.140931675559377,-0.0241248129612383,0.070582364277071,0.142293932762471,-0.114564660800522,1,0.93808370385854,0.0202381060435333,0.111312827355624,0.0945450829399713,-0.0600904801918809,0.0983288153440728,0.099042874717565,-0.113673987542827,1,0.0293852914406294,-0.171064383366105,-0.00513510193510378,0.112333725785368,0.0155472438504257,-0.0687876190659372,-0.0163785696486768,0.00217230545398657,0.0719520825196484,-0.171064383366129,-0.00777188555431562,-0.00517210622416981,-0.00517210622418413,-0.00973259278938366,-0.0167767463442031,-0.0443128209424337,-0.00566202260240496,-0.0204806381225053,0.0941561457696625,-0.113915287089958,-0.143264010490766
"stxr_2",0.0108400424099975,0.0143271100975618,0.205572421772848,0.0775165617870298,0.214188242644229,0.0610435109603584,-0.507697904605289,-0.235407045271739,0.0449506726889431,0.138223047112957,-0.124720674665939,0.05083582603116,0.153644491756929,-0.110583633972392,0.137797745712895,0.181134645461956,-0.2310771997942,0.93808370385854,1,0.0910123827689138,0.22804141603491,0.205883359919733,-0.00929669100437495,0.214508326344394,0.0913112564685821,-0.0338149348023867,0.938083703858548,0.0615709386116746,-0.13448780778128,0.034129398919409,0.166131702763429,-0.0155810851716054,-0.108379311099552,0.0225392345296329,-0.0264844587973438,0.0944173481327554,-0.134487807781304,0.0307875248974215,0.0340914178371527,0.0340914178371104,0.0284005500414248,0.0143271100975618,-0.0109689570497768,-0.00560113772729616,0.0256455608462104,0.209312276580719,-0.222722750521735,-0.198594788047364
"ssc_1",0.676445717072921,0.685290073002103,0.590775444732138,0.472667403825608,0.556351773569398,-0.751588501908567,0.0858018299948793,-0.478054922308643,-0.11430683596573,-0.0959440322547506,-0.868090483303273,-0.755104775830695,-0.630790809837364,-0.787855843809655,0.110009791687005,-0.756257421239,-0.519081227593356,0.0202381060435333,0.0910123827689138,1,0.524662891292404,0.59116366832756,0.654829675613828,0.555105507627541,0.57310786847787,0.452036926408506,0.0202381060435381,0.63694524169596,0.0588220787355888,0.574115709525162,-0.00837389859039098,-0.57865698828173,0.35708636622801,0.63851762562825,-0.252363665372385,0.0762730388934221,0.0588220787354902,0.582544710735695,0.574062766505059,0.574062766505093,0.5962216686008,0.685290073002103,0.642098485082768,-0.319311558237844,0.710354169312012,0.107702623045505,0.0593368454621475,0.581184466576701
"sv_1",0.520843693220047,0.53755438944295,0.98947402556997,0.415142867957432,0.997083621789805,-0.315387252767534,-0.405041949181515,-0.995405312107927,-0.119628955942819,-0.0377309105127275,-0.505533269229951,-0.358629903322229,-0.302507488238345,-0.276399831135866,0.153033849554273,-0.306271019193564,-0.999857721163738,0.111312827355624,0.22804141603491,0.524662891292404,1,0.989384872657186,0.558837618306044,0.997238051134696,0.395309089436648,0.467223957654654,0.111312827355639,0.496435264073084,0.010848622936616,0.471153390959177,0.304573414241446,-0.480253931323063,0.185885736416673,0.483822335321953,-0.404037248986431,0.0505568636954527,0.0108486229364782,0.471546620409741,0.471112357379849,0.471112357379799,0.474762259125909,0.53755438944295,0.471876927174059,0.0548582448845922,0.592330687606798,0.094363651222757,-0.0318264664666372,0.179915874215234
"sph_1",0.634498498689164,0.651211794429156,0.999967074112764,0.517245210009588,0.996664444576525,-0.353168807883766,-0.314556072854957,-0.971864240876597,-0.108084604655736,-0.0355912967107558,-0.557811488324868,-0.398011235424686,-0.338092006709203,-0.319992728225142,0.14812808428401,-0.357649723197641,-0.987468461529668,0.0945450829399713,0.205883359919733,0.59116366832756,0.989384872657186,1,0.664570305573667,0.996458022287398,0.486666799246577,0.529570625235028,0.0945450829399867,0.58827377107972,0.0363018178864258,0.577539900342107,0.350255183307032,-0.586095321808003,0.20590015148603,0.590599250344596,-0.414278369383924,0.0469132719160554,0.0363018178862939,0.578360712094433,0.577498119783009,0.577498119782967,0.581652895800332,0.651211794429156,0.583767631742037,0.0122142924483202,0.703125701381463,0.10354462769414,-0.0286441238794424,0.222088792878168
"sk_1",0.959629061042266,0.960539199110108,0.664503102136476,0.801818504892941,0.613979723821791,-0.391841140293649,0.226750025607965,-0.488173314758114,-0.0804140113577572,-0.183791565553055,-0.604796349459681,-0.417147174392017,-0.430376202990535,-0.44148478866674,0.016929468159371,-0.485382116945908,-0.548606198552429,-0.0600904801918809,-0.00929669100437495,0.654829675613828,0.558837618306044,0.664570305573667,1,0.612082649908088,0.60297082966573,0.623361324078351,-0.060090480191867,0.720017896822551,0.246096995276585,0.866498889143768,0.390133064440176,-0.887866236387041,0.215083670101516,0.879149197907893,-0.277412899841155,0.0600048373358338,0.246096995276463,0.870371585318395,0.8665059235043,0.866505923504291,0.873847708787905,0.960539199110108,0.968339017610386,-0.143337727974846,0.95012265548459,0.151503812140819,-0.0402414909433313,0.331515030372959
"smean_1",0.573654702701593,0.590627266282047,0.996595563900947,0.46359077175474,0.999995086468904,-0.332875304385729,-0.368819124246904,-0.987443798667701,-0.133953593777074,-0.0339236991483651,-0.531660070593645,-0.376618916572343,-0.318864740632553,-0.296168431951294,0.151797808325277,-0.331229246973533,-0.995945695137101,0.0983288153440728,0.214508326344394,0.555105507627541,0.997238051134696,0.996458022287398,0.612082649908088,1,0.42030415834622,0.519121448622092,0.0983288153440886,0.527764883832966,0.0406155484054805,0.522433202831842,0.325006536933054,-0.531645851049027,0.194353041291774,0.535507953271419,-0.408171876506669,0.0470942749308178,0.0406155484053454,0.523098384536071,0.522394839890981,0.522394839890934,0.526235184676827,0.590627266282047,0.524989395687079,0.032287420947139,0.645061126166146,0.10331938767613,-0.0334971936189541,0.202294218917226
"spk_1",0.737641807077236,0.748778722098588,0.48422284532944,0.646219866795917,0.422123244018614,-0.322467517370552,0.315542422104582,-0.319527885831332,0.370478720592232,0.0633127239299864,-0.438842942220085,-0.361920597514725,-0.26039794039624,-0.303052866490036,0.0528670559998023,-0.343286012866147,-0.39322455391898,0.099042874717565,0.0913112564685821,0.57310786847787,0.395309089436648,0.486666799246577,0.60297082966573,0.42030415834622,1,0.101253951590646,0.099042874717563,0.872929652915965,-0.263004198793205,0.670594038269618,0.398094868119773,-0.657882940562463,0.195701449103735,0.671538889583562,-0.265836372036341,-0.0303594999823158,-0.263004198793197,0.670567898801442,0.670495939786469,0.670495939786513,0.673330758444317,0.748778722098588,0.646513006169176,-0.141455823582496,0.76393589072729,-0.0163273272525735,0.0706586498864741,0.224837554227108
"svk_1",0.566148734168188,0.585649882676847,0.531197267390249,0.521328872351914,0.519701577240382,-0.264755955749546,-0.032864582844076,-0.445607412166994,-0.460706089259152,0.195224178047789,-0.420944399882422,-0.290255922056695,-0.216209183457101,-0.227905705226135,0.145564549323371,-0.308742589745433,-0.453944483544694,-0.113673987542827,-0.0338149348023867,0.452036926408506,0.467223957654654,0.529570625235028,0.623361324078351,0.519121448622092,0.101253951590646,1,-0.113673987542806,0.317333918680834,0.465443564192193,0.578331588075594,0.284680554443763,-0.570665849557312,0.132607686955608,0.590342699090905,-0.226203412921685,-0.0193740796801106,0.465443564192202,0.580659204758122,0.578356738827349,0.578356738827342,0.57910963134755,0.585649882676847,0.541335051839857,-0.228660929661869,0.649919101527669,0.143332853587867,-0.0423285337766842,0.296909385403352
"scl_1",-0.0178676311713318,-0.0167767463441894,0.0941193284016375,0.0348761784893225,0.0981532589735876,0.0618532737096993,-0.285734057733623,-0.114365191092454,0.11340333661347,0.0875534967594535,-0.0395983887224977,0.0497537424245596,0.140931675559399,-0.0241248129612246,0.070582364277062,0.142293932762491,-0.114564660800537,1,0.938083703858548,0.0202381060435381,0.111312827355639,0.0945450829399867,-0.060090480191867,0.0983288153440886,0.099042874717563,-0.113673987542806,1,0.0293852914406274,-0.171064383366092,-0.00513510193509655,0.11233372578538,0.0155472438504147,-0.0687876190659514,-0.0163785696486707,0.0021723054539909,0.0719520825196554,-0.171064383366115,-0.0077718855543084,-0.00517210622416256,-0.00517210622417691,-0.00973259278937655,-0.0167767463441894,-0.0443128209424191,-0.00566202260239809,-0.020480638122493,0.094156145769711,-0.113915287090007,-0.143264010490799
"sdc_1",0.763077166605338,0.7740413151618,0.58493532477363,0.668037085985209,0.529396967476393,-0.369682081342581,0.236098288652723,-0.432707866545592,0.213071723076396,0.0487288545707418,-0.500733666107996,-0.404152127807101,-0.32814698427663,-0.365313303550756,0.129519442705453,-0.378987308162556,-0.491763610401757,0.0293852914406294,0.0615709386116746,0.63694524169596,0.496435264073084,0.58827377107972,0.720017896822551,0.527764883832966,0.872929652915965,0.317333918680834,0.0293852914406274,1,-0.154964391551367,0.713450464453606,0.40182835302577,-0.682828832547559,0.213295893615034,0.721071543280597,-0.268827285165014,0.108795872668088,-0.154964391551402,0.713641616596202,0.713353459934697,0.713353459934731,0.716649815699232,0.7740413151618,0.716054512618449,-0.19263953181076,0.832453373422581,-0.0177907312538164,0.0898263996772359,0.295414227478926
"tpi_1",0.144766195113719,0.148633720140697,0.0395704462361745,0.157039607295672,0.0406573631806767,-0.0367887797753775,-0.00144094776327709,-0.00727341668807955,-0.294034820986637,-0.0855551702491114,-0.119174560457729,-0.0392634339212747,-0.117887771780652,-0.074125626270502,-0.0567412983455731,-0.110480005215635,-0.00323211822237589,-0.171064383366105,-0.13448780778128,0.0588220787355888,0.010848622936616,0.0363018178864258,0.246096995276585,0.0406155484054805,-0.263004198793205,0.465443564192193,-0.171064383366092,-0.154964391551367,1,0.191456787455925,0.0596067079278605,-0.214575765084097,0.0445061416488693,0.193039722107494,-0.115308776807027,-0.0820085282976117,1,0.193915924029202,0.191530741660304,0.191530741660245,0.18919105684688,0.148633720140697,0.175476991522717,-0.0949573714670482,0.148185223807712,0.183131685151692,-0.116442580239483,0.134349230736286
"tri_1",0.879206091213759,0.888514837389178,0.577579397655846,0.97910435515422,0.524152882253365,-0.222773658831676,0.213309820217099,-0.400130045850393,0.0702775822622583,-0.0353267315949347,-0.573212127435869,-0.226598117843873,-0.351386880911339,-0.42639124608517,0.0134641922839068,-0.306695999271789,-0.461132258401001,-0.00513510193510378,0.034129398919409,0.574115709525162,0.471153390959177,0.577539900342107,0.866498889143768,0.522433202831842,0.670594038269618,0.578331588075594,-0.00513510193509655,0.713450464453606,0.191456787455925,1,0.650821358425025,-0.979232594157188,0.114542852929867,0.994994323995437,-0.322888073785605,-0.110125980649891,0.191456787455821,0.999843786021048,0.999999953927446,0.999999953927445,0.999195253646938,0.888514837389178,0.838015061659504,-0.217307602841735,0.896649056667926,0.243129274321965,-0.155604113750727,0.174386334402855
"vrm_1",0.418770763820253,0.426916502259792,0.350452127928953,0.75066442056343,0.325597503639696,0.402229044558735,-0.100579915243904,-0.272330183633168,0.196520407663993,0.0738845624378873,-0.111781918611489,0.402193114546603,0.256720143031512,0.110320714697926,-0.0100132185704986,0.357620780385343,-0.300893630563426,0.112333725785368,0.166131702763429,-0.00837389859039098,0.304573414241446,0.350255183307032,0.390133064440176,0.325006536933054,0.398094868119773,0.284680554443763,0.11233372578538,0.40182835302577,0.0596067079278605,0.650821358425025,1,-0.57951301106899,-0.289008274750904,0.588522282897108,-0.210787823607594,-0.138764277980341,0.0596067079276945,0.638330214079392,0.6508102131314,0.650810213131326,0.626029772990894,0.426916502259792,0.367548010808924,0.0366180250646601,0.451608002009195,0.379756975423575,-0.422571405243147,-0.432930612251007
"sar_1",-0.899547252199367,-0.90699933780548,-0.58636475349371,-0.95343321625382,-0.533502841407024,0.249143399636431,-0.239237164538084,0.408115952255634,-0.0313808231419347,0.0709553738586433,0.594100561529125,0.258516848893577,0.3753322449951,0.439572349136311,0.00162277081334456,0.345939733806623,0.470124194046823,0.0155472438504257,-0.0155810851716054,-0.57865698828173,-0.480253931323063,-0.586095321808003,-0.887866236387041,-0.531645851049027,-0.657882940562463,-0.570665849557312,0.0155472438504147,-0.682828832547559,-0.214575765084097,-0.979232594157188,-0.57951301106899,1,-0.133457127972775,-0.977449104955373,0.352741836319517,0.0903329479327424,-0.214575765084014,-0.981000431734222,-0.979250140438908,-0.979250140438894,-0.982100368387277,-0.90699933780548,-0.864238865229162,0.212065255147709,-0.899552870551383,-0.255174738438982,0.162834018406249,-0.184908947676884
"raster.entropy_1",0.225284140501342,0.228033283463693,0.205772523884493,0.0102697683042189,0.194789336685397,-0.473279853327564,0.210954294386088,-0.170776107705489,-0.0306570887357957,-0.057299322250809,-0.175470785548548,-0.587626053042374,-0.408678879530824,-0.230072468588602,0.116164782115602,-0.448253711031527,-0.184223443619939,-0.0687876190659372,-0.108379311099552,0.35708636622801,0.185885736416673,0.20590015148603,0.215083670101516,0.194353041291774,0.195701449103735,0.132607686955608,-0.0687876190659514,0.213295893615034,0.0445061416488693,0.114542852929867,-0.289008274750904,-0.133457127972775,1,0.150847039970136,-0.0135085421828507,0.0390705142966233,0.0445061416488492,0.121610007303032,0.114506547753063,0.114506547753134,0.128358568533958,0.228033283463693,0.211430278517758,-0.195231676608595,0.232012301029015,-0.312027197230683,0.394301565892033,0.540746966467594
"slope_1",0.889963776176285,0.899078126403741,0.590644228643932,0.961477078818215,0.537248947756783,-0.291958254821116,0.227328542932479,-0.412661927108068,0.0441889692057124,-0.0543942402968422,-0.635682783358174,-0.292677742642339,-0.416141540559733,-0.493192056771855,0.0156353034526327,-0.37765412315314,-0.473709255641614,-0.0163785696486768,0.0225392345296329,0.63851762562825,0.483822335321953,0.590599250344596,0.879149197907893,0.535507953271419,0.671538889583562,0.590342699090905,-0.0163785696486707,0.721071543280597,0.193039722107494,0.994994323995437,0.588522282897108,-0.977449104955373,0.150847039970136,1,-0.327996915804883,-0.102365787432057,0.193039722107389,0.996233497321411,0.994993464322095,0.994993464322101,0.997781332186359,0.899078126403741,0.850876687496109,-0.244330854579223,0.907063411079446,0.231583268227196,-0.129811373237177,0.238407203068005
"northness_1",-0.328859813210582,-0.32668239843739,-0.413981314132753,-0.30154313982917,-0.408622903467654,0.163463286031857,0.03887851316274,0.390940062620085,0.102898806916461,0.103150577500481,0.269078452927777,0.176734071099321,0.182811625138493,0.179291456099272,-0.0676028136343003,0.188163184008082,0.403657130761001,0.00217230545398657,-0.0264844587973438,-0.252363665372385,-0.404037248986431,-0.414278369383924,-0.277412899841155,-0.408171876506669,-0.265836372036341,-0.226203412921685,0.0021723054539909,-0.268827285165014,-0.115308776807027,-0.322888073785605,-0.210787823607594,0.352741836319517,-0.0135085421828507,-0.327996915804883,1,0.060471716365171,-0.115308776806943,-0.323684301914885,-0.322877478142992,-0.322877478142987,-0.328177207940582,-0.32668239843739,-0.297867691998067,-0.0405543831142292,-0.319882846109116,-0.00266169848331532,-0.0410765140603708,-0.169982589565686
"eastness_1",0.0129086540035856,0.00979678930165131,0.0447327864885678,-0.117416543754213,0.0473526978056859,-0.108470768352475,-0.0213837594170952,-0.0548274450426254,-0.0475959470317703,-0.0378298179194288,-0.0499722847879011,-0.102883837453279,0.00936113243766074,-0.0419228633595792,-0.0717290272157317,-0.0373724551399574,-0.0516372816086156,0.0719520825196484,0.0944173481327554,0.0762730388934221,0.0505568636954527,0.0469132719160554,0.0600048373358338,0.0470942749308178,-0.0303594999823158,-0.0193740796801106,0.0719520825196554,0.108795872668088,-0.0820085282976117,-0.110125980649891,-0.138764277980341,0.0903329479327424,0.0390705142966233,-0.102365787432057,0.060471716365171,1,-0.0820085282977183,-0.109163137024909,-0.110158035583169,-0.110158035583214,-0.10423796925929,0.00979678930165131,0.0550316355367593,-0.0192584892283162,0.0127205860004676,0.0278306483707643,-0.0344136509388507,-0.0452634566740756
"TPI_1",0.144766195113649,0.14863372014063,0.0395704462360419,0.157039607295568,0.0406573631805415,-0.0367887797753565,-0.00144094776327575,-0.00727341668794082,-0.294034820986571,-0.0855551702489017,-0.119174560457629,-0.0392634339212294,-0.117887771780559,-0.0741256262704579,-0.0567412983455621,-0.110480005215618,-0.00323211822223777,-0.171064383366129,-0.134487807781304,0.0588220787354902,0.0108486229364782,0.0363018178862939,0.246096995276463,0.0406155484053454,-0.263004198793197,0.465443564192202,-0.171064383366115,-0.154964391551402,1,0.191456787455821,0.0596067079276945,-0.214575765084014,0.0445061416488492,0.193039722107389,-0.115308776806943,-0.0820085282977183,1,0.193915924029101,0.191530741660201,0.191530741660142,0.189191056846776,0.14863372014063,0.175476991522613,-0.0949573714671818,0.148185223807654,0.183131685151677,-0.116442580239475,0.13434923073627
"TRI_1",0.882769622112149,0.891957495622086,0.578410546377444,0.976491272564994,0.524832397474443,-0.233204896105011,0.218652664221271,-0.400256305707352,0.0662985170317626,-0.0380136086448788,-0.580199003084934,-0.237456964822619,-0.362540754017246,-0.434838818448798,0.0138338344136437,-0.317982997517347,-0.461465856784491,-0.00777188555431562,0.0307875248974215,0.582544710735695,0.471546620409741,0.578360712094433,0.870371585318395,0.523098384536071,0.670567898801442,0.580659204758122,-0.0077718855543084,0.713641616596202,0.193915924029202,0.999843786021048,0.638330214079392,-0.981000431734222,0.121610007303032,0.996233497321411,-0.323684301914885,-0.109163137024909,0.193915924029101,1,0.99984437769045,0.999844377690451,0.999632352880901,0.891957495622086,0.842270857212478,-0.220562080164692,0.899275776539343,0.240906991522222,-0.151091465302113,0.184933801996132
"TRIriley_1",0.879195703846911,0.888501509118594,0.577538337226934,0.979101011121044,0.524114582687005,-0.222770204438405,0.213321061260789,-0.400090789153941,0.0701869354319144,-0.035419648082493,-0.573208200051869,-0.226541022211128,-0.35139424352558,-0.426393601253557,0.0134153000334387,-0.306702162184371,-0.461090163453656,-0.00517210622416981,0.0340914178371527,0.574062766505059,0.471112357379849,0.577498119783009,0.8665059235043,0.522394839890981,0.670495939786469,0.578356738827349,-0.00517210622416256,0.713353459934697,0.191530741660304,0.999999953927446,0.6508102131314,-0.979250140438908,0.114506547753063,0.994993464322095,-0.322877478142992,-0.110158035583169,0.191530741660201,0.99984437769045,1,1,0.999195986931216,0.888501509118594,0.838015809907503,-0.217269686419246,0.896618194743144,0.243165236957317,-0.155638576958845,0.174367156405558
"TRIrmsd_1",0.879195703846916,0.8885015091186,0.577538337226891,0.979101011121032,0.524114582686957,-0.222770204438486,0.213321061260893,-0.400090789153886,0.0701869354319385,-0.035419648082473,-0.573208200051836,-0.226541022211214,-0.3513942435256,-0.426393601253566,0.0134153000334297,-0.306702162184461,-0.461090163453606,-0.00517210622418413,0.0340914178371104,0.574062766505093,0.471112357379799,0.577498119782967,0.866505923504291,0.522394839890934,0.670495939786513,0.578356738827342,-0.00517210622417691,0.713353459934731,0.191530741660245,0.999999953927445,0.650810213131326,-0.979250140438894,0.114506547753134,0.994993464322101,-0.322877478142987,-0.110158035583214,0.191530741660142,0.999844377690451,1,1,0.999195986931217,0.8885015091186,0.838015809907497,-0.217269686419306,0.896618194743156,0.243165236957199,-0.155638576958716,0.174367156405687
"roughness_1",0.886660659065931,0.895558504133337,0.58168518170281,0.974060838397404,0.527986976574667,-0.247048487110894,0.22342649645361,-0.40324513366946,0.0613399022327647,-0.0451117898992478,-0.596175757270413,-0.250176778075085,-0.37782091667724,-0.451967696953335,0.0135484739853943,-0.333045050252657,-0.464729343032751,-0.00973259278938366,0.0284005500414248,0.5962216686008,0.474762259125909,0.581652895800332,0.873847708787905,0.526235184676827,0.673330758444317,0.57910963134755,-0.00973259278937655,0.716649815699232,0.18919105684688,0.999195253646938,0.626029772990894,-0.982100368387277,0.128358568533958,0.997781332186359,-0.328177207940582,-0.10423796925929,0.189191056846776,0.999632352880901,0.999195986931216,0.999195986931217,1,0.895558504133337,0.847036123539516,-0.224943819468872,0.90179414055244,0.240580274265787,-0.148140334148472,0.195472307609839
"stdv_1",0.998223945777099,1,0.650966100555795,0.830663504387322,0.592807287053912,-0.40123404608379,0.30174729852919,-0.457854014626953,-0.00144040959595143,-0.104673094469774,-0.602670359997155,-0.436588427159447,-0.410202314516543,-0.425694916733993,0.0424545096838566,-0.486656888688467,-0.528187771747417,-0.0167767463442031,0.0143271100975618,0.685290073002103,0.53755438944295,0.651211794429156,0.960539199110108,0.590627266282047,0.748778722098588,0.585649882676847,-0.0167767463441894,0.7740413151618,0.148633720140697,0.888514837389178,0.426916502259792,-0.90699933780548,0.228033283463693,0.899078126403741,-0.32668239843739,0.00979678930165131,0.14863372014063,0.891957495622086,0.888501509118594,0.8885015091186,0.895558504133337,1,0.97240766222041,-0.153840216095776,0.980200554739196,0.119339545746855,-0.0116712586223565,0.339815992179313
"mad_1",0.98146045572502,0.97240766222041,0.583526022570709,0.780904113680146,0.527306598361345,-0.377891913416632,0.321341797688297,-0.394664804446873,-0.0423463395906691,-0.212173355331915,-0.574491092281425,-0.405229457120426,-0.423453506013834,-0.434705905273955,0.031043428194506,-0.47269723692043,-0.462796605742567,-0.0443128209424337,-0.0109689570497768,0.642098485082768,0.471876927174059,0.583767631742037,0.968339017610386,0.524989395687079,0.646513006169176,0.541335051839857,-0.0443128209424191,0.716054512618449,0.175476991522717,0.838015061659504,0.367548010808924,-0.864238865229162,0.211430278517758,0.850876687496109,-0.297867691998067,0.0550316355367593,0.175476991522613,0.842270857212478,0.838015809907503,0.838015809907497,0.847036123539516,0.97240766222041,1,-0.10651612630549,0.927637255829236,0.121009499970439,-0.0162844095067592,0.327088710788441
"nmodes_1",-0.139994781169461,-0.153840216095776,0.0131893041841068,-0.195630435202113,0.0321969965831745,0.246988068506245,-0.124600527804003,-0.0741276818555959,-0.104470059540314,-0.227010520635409,0.359605168626431,0.223274973399318,0.0828990619346298,0.285232012778818,-0.0973940327090019,0.241584680170391,-0.0601616854689938,-0.00566202260240496,-0.00560113772729616,-0.319311558237844,0.0548582448845922,0.0122142924483202,-0.143337727974846,0.032287420947139,-0.141455823582496,-0.228660929661869,-0.00566202260239809,-0.19263953181076,-0.0949573714670482,-0.217307602841735,0.0366180250646601,0.212065255147709,-0.195231676608595,-0.244330854579223,-0.0405543831142292,-0.0192584892283162,-0.0949573714671818,-0.220562080164692,-0.217269686419246,-0.217269686419306,-0.224943819468872,-0.153840216095776,-0.10651612630549,1,-0.200709072885856,0.030150274288836,-0.0820562947889551,-0.224944799215918
"range_1",0.969304397527405,0.980200554739196,0.702506911897539,0.836423064547178,0.646961242705597,-0.414848455965149,0.237926054486624,-0.517673072446232,-0.0138948810321929,-0.0127070672068411,-0.619042782881692,-0.451877077876971,-0.394280270383986,-0.421680420412252,0.0724541009754795,-0.484299111251819,-0.582401672897162,-0.0204806381225053,0.0256455608462104,0.710354169312012,0.592330687606798,0.703125701381463,0.95012265548459,0.645061126166146,0.76393589072729,0.649919101527669,-0.020480638122493,0.832453373422581,0.148185223807712,0.896649056667926,0.451608002009195,-0.899552870551383,0.232012301029015,0.907063411079446,-0.319882846109116,0.0127205860004676,0.148185223807654,0.899275776539343,0.896618194743144,0.896618194743156,0.90179414055244,0.980200554739196,0.927637255829236,-0.200709072885856,1,0.112350449200865,-0.00308095872361124,0.350978752054051
"curvature_profile_1",0.114750909088415,0.119339545746855,0.104509140044513,0.331157737803449,0.103513784796024,0.399789776310793,-0.351334798618895,-0.0883525257048812,-0.0904686123482791,-0.0172776045310115,-0.319798663836553,0.386282539463827,0.0806377016076539,-0.190076107681952,-0.0477776311138783,0.279735870008439,-0.0920006354255738,0.0941561457696625,0.209312276580719,0.107702623045505,0.094363651222757,0.10354462769414,0.151503812140819,0.10331938767613,-0.0163273272525735,0.143332853587867,0.094156145769711,-0.0177907312538164,0.183131685151692,0.243129274321965,0.379756975423575,-0.255174738438982,-0.312027197230683,0.231583268227196,-0.00266169848331532,0.0278306483707643,0.183131685151677,0.240906991522222,0.243165236957317,0.243165236957199,0.240580274265787,0.119339545746855,0.121009499970439,0.030150274288836,0.112350449200865,1,-0.979755465353831,-0.617546087236029
"curvature_planform_1",-0.00819371311744564,-0.0116712586223565,-0.0294003690839075,-0.269500613716408,-0.0334971254817198,-0.543613329575012,0.38399503626872,0.0329630664323749,0.0270340980882854,-0.029560794809497,0.177690547043463,-0.531202707813815,-0.222588401979522,0.0419005770956956,0.0420648558823359,-0.440627878425346,0.0310599813798711,-0.113915287089958,-0.222722750521735,0.0593368454621475,-0.0318264664666372,-0.0286441238794424,-0.0402414909433313,-0.0334971936189541,0.0706586498864741,-0.0423285337766842,-0.113915287090007,0.0898263996772359,-0.116442580239483,-0.155604113750727,-0.422571405243147,0.162834018406249,0.394301565892033,-0.129811373237177,-0.0410765140603708,-0.0344136509388507,-0.116442580239475,-0.151091465302113,-0.155638576958845,-0.155638576958716,-0.148140334148472,-0.0116712586223565,-0.0162844095067592,-0.0820562947889551,-0.00308095872361124,-0.979755465353831,1,0.762506805623614
"curvature_total_1",0.338649412761019,0.339815992179313,0.222234684937761,0.0113932911700682,0.202922720181217,-0.843738209234684,0.373224376980142,-0.156024251294112,-0.186156451935884,-0.1719740631522,-0.335386118789848,-0.838630915169345,-0.6139048470482,-0.449651004256035,0.0108606876516447,-0.827109014501291,-0.175290666015296,-0.143264010490766,-0.198594788047364,0.581184466576701,0.179915874215234,0.222088792878168,0.331515030372959,0.202294218917226,0.224837554227108,0.296909385403352,-0.143264010490799,0.295414227478926,0.134349230736286,0.174386334402855,-0.432930612251007,-0.184908947676884,0.540746966467594,0.238407203068005,-0.169982589565686,-0.0452634566740756,0.13434923073627,0.184933801996132,0.174367156405558,0.174367156405687,0.195472307609839,0.339815992179313,0.327088710788441,-0.224944799215918,0.350978752054051,-0.617546087236029,0.762506805623614,1
