"","PC1","PC2","PC3","PC4","PC5","PC6","PC7","PC8","PC9","PC10","PC11","PC12","PC13","PC14","PC15","PC16","PC17","PC18","PC19","PC20","PC21","PC22","PC23","PC24","PC25","PC26","PC27","PC28","PC29","PC30","PC31","PC32","PC33","PC34","PC35"
"1","range_1","curvature_total_1","sbi_1","curvature_profile_1","curvature_planform_1","ssk_1","sku_1","stxr_1","raster.entropy_1","eastness_1","srw_1","eastness_1","northness_1","nmodes_1","TPI_1","sku_1","sdc_1","std_2","ssc_1","svk_1","sds_1","srw_2","spk_1","srw_3","sdr_1","sdr_1","stxr_2","sar_1","mad_1","stdv_1","sdq_1","sv_1","range_1","smean_1","northness_1"
"2","stdv_1","stxr_2","sci_1","TPI_1","srw_3","ssc_1","eastness_1","nmodes_1","northness_1","curvature_planform_1","ssc_1","srw_1","raster.entropy_1","srw_1","sbi_1","vrm_1","spk_1","srw_1","sdc_1","sdc_1","sfd_1","curvature_total_1","mad_1","slope_1","sfd_1","curvature_total_1","stxr_1","sk_1","sbi_1","slope_1","slope_1","sci_1","sv_1","sci_1","ssc_1"
"3","slope_1","srw_2","sv_1","svk_1","sku_1","stxr_1","nmodes_1","stxr_2","eastness_1","TPI_1","ssk_1","raster.entropy_1","ssk_1","ssc_1","ssk_1","nmodes_1","ssk_1","sdr_1","vrm_1","ssk_1","sbi_1","sds_1","sdc_1","srw_2","vrm_1","vrm_1","sk_1","sdr_1","stxr_2","sdq_1","stdv_1","range_1","sk_1","sv_1","srw_1"
"4","sk_1","stxr_1","smean_1","curvature_planform_1","curvature_profile_1","stxr_2","stxr_1","raster.entropy_1","sku_1","sku_1","raster.entropy_1","srw_3","ssc_1","std_2","sds_1","sdc_1","mad_1","sfd_1","srw_2","sku_1","sdc_1","srw_3","svk_1","mad_1","slope_1","TPI_1","sdq_1","slope_1","sk_1","mad_1","mad_1","sk_1","sci_1","range_1","eastness_1"
"5","sar_1","std_2","vrm_1","sdr_1","nmodes_1","sku_1","TPI_1","sku_1","srw_3","curvature_total_1","srw_3","sfd_1","eastness_1","TPI_1","svk_1","ssc_1","sfd_1","ssc_1","sbi_1","spk_1","sar_1","TPI_1","sk_1","vrm_1","sdq_1","sk_1","sar_1","sdq_1","stxr_1","spk_1","spk_1","spk_1","spk_1","sdc_1","srw_3"
"6","mad_1","vrm_1","ssk_1","curvature_total_1","northness_1","sds_1","stxr_2","svk_1","srw_1","northness_1","svk_1","sdr_1","TPI_1","srw_2","ssc_1","srw_2","vrm_1","sds_1","sfd_1","stdv_1","srw_3","sar_1","vrm_1","sar_1","sbi_1","sbi_1","slope_1","sds_1","curvature_total_1","sk_1","vrm_1","svk_1","svk_1","stdv_1","sku_1"
"7","sdq_1","curvature_profile_1","stxr_2","sds_1","sfd_1","vrm_1","raster.entropy_1","curvature_profile_1","mad_1","raster.entropy_1","sku_1","northness_1","curvature_planform_1","curvature_total_1","srw_1","srw_1","sds_1","nmodes_1","srw_3","mad_1","mad_1","sk_1","sku_1","ssc_1","sar_1","sfd_1","curvature_total_1","range_1","sdq_1","sdc_1","sdc_1","stdv_1","smean_1","sk_1","stxr_2"
"8","sdc_1","sbi_1","stxr_1","sfd_1","eastness_1","TPI_1","srw_3","sbi_1","sk_1","curvature_profile_1","curvature_total_1","curvature_total_1","sbi_1","raster.entropy_1","curvature_planform_1","srw_3","sk_1","srw_3","sk_1","sar_1","ssk_1","sfd_1","slope_1","sk_1","sds_1","slope_1","mad_1","mad_1","TPI_1","range_1","svk_1","smean_1","mad_1","mad_1","stxr_1"
"9","spk_1","srw_3","sdq_1","std_2","sci_1","nmodes_1","ssc_1","curvature_total_1","vrm_1","svk_1","northness_1","spk_1","nmodes_1","sbi_1","curvature_total_1","std_2","svk_1","stxr_1","sci_1","vrm_1","std_2","svk_1","range_1","stdv_1","svk_1","range_1","sdr_1","sdc_1","sar_1","svk_1","range_1","mad_1","slope_1","sdq_1","vrm_1"
"10","smean_1","sdr_1","spk_1","srw_1","sdr_1","spk_1","ssk_1","srw_3","ssc_1","srw_2","nmodes_1","srw_2","srw_3","srw_3","stxr_1","curvature_planform_1","TPI_1","vrm_1","std_2","sbi_1","stdv_1","curvature_profile_1","std_2","spk_1","ssc_1","sdq_1","range_1","stxr_2","range_1","sar_1","sk_1","slope_1","sdc_1","slope_1","sk_1"
"11","sv_1","TPI_1","sfd_1","sk_1","srw_1","sci_1","srw_1","sds_1","sbi_1","srw_3","TPI_1","nmodes_1","curvature_total_1","ssk_1","nmodes_1","sar_1","curvature_total_1","ssk_1","svk_1","srw_2","ssc_1","vrm_1","sar_1","TPI_1","ssk_1","stxr_2","TPI_1","svk_1","sds_1","vrm_1","sdr_1","sar_1","sdq_1","spk_1","raster.entropy_1"
"12","ssc_1","ssk_1","sdr_1","nmodes_1","sv_1","sv_1","curvature_planform_1","ssc_1","std_2","ssk_1","curvature_profile_1","TPI_1","sfd_1","sci_1","curvature_profile_1","sds_1","stdv_1","svk_1","nmodes_1","sfd_1","svk_1","std_2","sbi_1","sdq_1","srw_2","mad_1","sfd_1","stxr_1","curvature_profile_1","sv_1","sv_1","sbi_1","sar_1","sar_1","sdr_1"
"13","sds_1","sfd_1","sds_1","ssk_1","TPI_1","sdc_1","curvature_total_1","ssk_1","srw_2","std_2","vrm_1","ssc_1","sk_1","vrm_1","srw_3","eastness_1","northness_1","mad_1","sv_1","nmodes_1","sdq_1","srw_1","stdv_1","svk_1","curvature_total_1","stxr_1","sds_1","vrm_1","sfd_1","sbi_1","sds_1","curvature_total_1","TPI_1","svk_1","sdc_1"
"14","srw_2","spk_1","sar_1","sar_1","spk_1","smean_1","svk_1","mad_1","sdc_1","sfd_1","sci_1","curvature_planform_1","sv_1","sv_1","northness_1","ssk_1","srw_2","sdc_1","sku_1","sds_1","srw_2","sku_1","eastness_1","sfd_1","TPI_1","svk_1","std_2","sfd_1","sdr_1","sdr_1","sci_1","sds_1","vrm_1","sdr_1","sfd_1"
"15","sdr_1","srw_1","slope_1","spk_1","smean_1","srw_1","mad_1","curvature_planform_1","stdv_1","sdc_1","sv_1","vrm_1","sci_1","smean_1","sci_1","mad_1","curvature_profile_1","eastness_1","sar_1","sk_1","sv_1","mad_1","sci_1","nmodes_1","sku_1","ssc_1","curvature_profile_1","srw_3","slope_1","smean_1","smean_1","sdc_1","sbi_1","sbi_1","TPI_1"
"16","std_2","sdc_1","svk_1","mad_1","sbi_1","srw_3","srw_2","srw_2","svk_1","sdr_1","std_2","sbi_1","curvature_profile_1","sku_1","smean_1","sdq_1","sdr_1","srw_2","range_1","curvature_planform_1","smean_1","slope_1","sdq_1","std_2","stxr_2","sdc_1","srw_3","ssk_1","smean_1","sci_1","sfd_1","sdr_1","srw_3","TPI_1","stdv_1"
"17","sfd_1","sku_1","curvature_planform_1","range_1","curvature_total_1","sdq_1","northness_1","vrm_1","sdq_1","nmodes_1","smean_1","svk_1","smean_1","stxr_1","sku_1","sfd_1","sku_1","stxr_2","smean_1","stxr_1","vrm_1","spk_1","srw_3","curvature_total_1","stxr_1","sar_1","srw_2","spk_1","ssc_1","curvature_total_1","sar_1","stxr_2","curvature_total_1","sfd_1","curvature_total_1"
"18","svk_1","sds_1","mad_1","sdq_1","stxr_1","svk_1","sk_1","spk_1","spk_1","sds_1","sdr_1","std_2","sdr_1","sdc_1","sv_1","curvature_profile_1","sci_1","spk_1","mad_1","slope_1","slope_1","sdr_1","ssk_1","sdc_1","srw_1","srw_2","sdc_1","srw_2","sdc_1","stxr_2","sbi_1","stxr_1","std_2","srw_3","range_1"
"19","sci_1","sdq_1","eastness_1","srw_2","svk_1","curvature_planform_1","std_2","TPI_1","sds_1","mad_1","sfd_1","sdq_1","stxr_1","sds_1","raster.entropy_1","TPI_1","sar_1","sk_1","northness_1","sdq_1","nmodes_1","stdv_1","ssc_1","sbi_1","srw_3","curvature_planform_1","eastness_1","nmodes_1","sci_1","sku_1","std_2","TPI_1","sku_1","stxr_2","mad_1"
"20","vrm_1","sv_1","stdv_1","stdv_1","sdc_1","slope_1","stdv_1","stdv_1","curvature_total_1","srw_1","srw_2","sdc_1","vrm_1","curvature_profile_1","eastness_1","sdr_1","sv_1","sar_1","curvature_total_1","curvature_total_1","sci_1","ssc_1","sds_1","sv_1","curvature_profile_1","sci_1","spk_1","sbi_1","stdv_1","sfd_1","ssc_1","sdq_1","sdr_1","sds_1","ssk_1"
"21","srw_1","sci_1","sdc_1","eastness_1","stxr_2","curvature_profile_1","curvature_profile_1","sfd_1","nmodes_1","sdq_1","eastness_1","slope_1","sds_1","svk_1","vrm_1","slope_1","sbi_1","smean_1","ssk_1","curvature_profile_1","sku_1","northness_1","sv_1","smean_1","sdc_1","sds_1","sku_1","std_2","curvature_planform_1","stxr_1","curvature_profile_1","ssk_1","stdv_1","sku_1","sar_1"
"22","northness_1","smean_1","curvature_total_1","slope_1","range_1","std_2","sdc_1","sdq_1","stxr_1","stxr_2","curvature_planform_1","sk_1","std_2","mad_1","sfd_1","range_1","curvature_planform_1","sv_1","sds_1","ssc_1","stxr_1","stxr_2","sdr_1","sci_1","sv_1","spk_1","ssk_1","northness_1","spk_1","TPI_1","nmodes_1","sku_1","ssc_1","ssk_1","srw_2"
"23","srw_3","nmodes_1","northness_1","stxr_1","srw_2","sar_1","spk_1","sk_1","range_1","stdv_1","sds_1","sar_1","srw_2","sar_1","mad_1","raster.entropy_1","smean_1","raster.entropy_1","sdq_1","eastness_1","curvature_planform_1","sdc_1","smean_1","sds_1","stdv_1","sv_1","curvature_planform_1","sku_1","sv_1","ssk_1","curvature_planform_1","vrm_1","nmodes_1","stxr_1","std_2"
"24","curvature_planform_1","curvature_planform_1","curvature_profile_1","sku_1","stdv_1","sbi_1","slope_1","slope_1","curvature_planform_1","sbi_1","sdc_1","stxr_1","stxr_2","eastness_1","range_1","stdv_1","slope_1","sci_1","sdr_1","stxr_2","srw_1","raster.entropy_1","sfd_1","stxr_1","sci_1","curvature_profile_1","sci_1","stdv_1","std_2","curvature_profile_1","sku_1","curvature_planform_1","stxr_2","srw_2","sbi_1"
"25","nmodes_1","slope_1","srw_1","smean_1","mad_1","raster.entropy_1","sv_1","eastness_1","stxr_2","spk_1","range_1","sds_1","slope_1","sdq_1","sk_1","sk_1","nmodes_1","sdq_1","stxr_2","sci_1","sdr_1","sbi_1","curvature_planform_1","raster.entropy_1","smean_1","sku_1","srw_1","TPI_1","vrm_1","sds_1","stxr_1","curvature_profile_1","sds_1","curvature_total_1","svk_1"
"26","curvature_profile_1","svk_1","range_1","srw_3","sds_1","eastness_1","smean_1","sci_1","slope_1","slope_1","sbi_1","sci_1","range_1","sk_1","srw_2","spk_1","stxr_1","range_1","stdv_1","srw_3","curvature_profile_1","nmodes_1","srw_1","sku_1","sk_1","srw_3","northness_1","ssc_1","srw_2","nmodes_1","eastness_1","sfd_1","curvature_profile_1","curvature_planform_1","curvature_planform_1"
"27","sbi_1","sar_1","sk_1","sbi_1","vrm_1","sk_1","sci_1","smean_1","sar_1","vrm_1","spk_1","mad_1","srw_1","stxr_2","spk_1","sci_1","eastness_1","northness_1","curvature_profile_1","range_1","range_1","eastness_1","curvature_total_1","eastness_1","northness_1","ssk_1","ssc_1","srw_1","eastness_1","srw_3","srw_3","srw_2","sfd_1","nmodes_1","smean_1"
"28","TPI_1","ssc_1","std_2","sdc_1","raster.entropy_1","mad_1","sdq_1","sv_1","ssk_1","stxr_1","stxr_1","range_1","sku_1","stdv_1","std_2","svk_1","srw_3","sku_1","slope_1","northness_1","curvature_total_1","range_1","nmodes_1","northness_1","range_1","smean_1","sbi_1","curvature_planform_1","nmodes_1","northness_1","raster.entropy_1","eastness_1","srw_1","srw_1","slope_1"
"29","sku_1","range_1","raster.entropy_1","sv_1","sk_1","sfd_1","sds_1","std_2","sdr_1","sar_1","sar_1","smean_1","svk_1","sfd_1","sdc_1","sv_1","stxr_2","slope_1","raster.entropy_1","raster.entropy_1","eastness_1","ssk_1","srw_2","stxr_2","spk_1","srw_1","smean_1","sci_1","northness_1","ssc_1","northness_1","raster.entropy_1","curvature_planform_1","std_2","sds_1"
"30","raster.entropy_1","raster.entropy_1","srw_2","sci_1","slope_1","range_1","sdr_1","srw_1","sfd_1","sv_1","stxr_2","sv_1","mad_1","northness_1","stxr_2","curvature_total_1","raster.entropy_1","curvature_profile_1","eastness_1","TPI_1","TPI_1","stxr_1","stxr_1","srw_1","eastness_1","stdv_1","svk_1","smean_1","srw_3","srw_2","curvature_total_1","ssc_1","eastness_1","eastness_1","curvature_profile_1"
"31","ssk_1","stdv_1","srw_3","stxr_2","ssc_1","sdr_1","range_1","range_1","sci_1","sk_1","slope_1","stdv_1","sdq_1","sdr_1","sar_1","sbi_1","sdq_1","TPI_1","srw_1","srw_1","stxr_2","sdq_1","curvature_profile_1","curvature_planform_1","mad_1","northness_1","vrm_1","curvature_total_1","ssk_1","eastness_1","srw_1","srw_3","ssk_1","northness_1","sv_1"
"32","curvature_total_1","northness_1","ssc_1","ssc_1","ssk_1","srw_2","vrm_1","northness_1","curvature_profile_1","smean_1","mad_1","sku_1","spk_1","spk_1","stdv_1","smean_1","range_1","stdv_1","stxr_1","smean_1","raster.entropy_1","sci_1","stxr_2","curvature_profile_1","nmodes_1","raster.entropy_1","stdv_1","curvature_profile_1","sku_1","std_2","TPI_1","srw_1","northness_1","vrm_1","nmodes_1"
"33","stxr_1","mad_1","sku_1","northness_1","sar_1","northness_1","sbi_1","sdr_1","TPI_1","sci_1","stdv_1","stxr_2","sar_1","range_1","sdr_1","stxr_2","std_2","curvature_planform_1","TPI_1","sdr_1","sk_1","smean_1","TPI_1","range_1","std_2","nmodes_1","sv_1","raster.entropy_1","srw_1","srw_1","stxr_2","nmodes_1","srw_2","ssc_1","spk_1"
"34","stxr_2","sk_1","nmodes_1","raster.entropy_1","sdq_1","curvature_total_1","sar_1","sar_1","sv_1","range_1","sk_1","ssk_1","stdv_1","curvature_planform_1","sdq_1","stxr_1","ssc_1","sbi_1","curvature_planform_1","std_2","northness_1","sv_1","raster.entropy_1","sdr_1","raster.entropy_1","eastness_1","raster.entropy_1","eastness_1","svk_1","curvature_planform_1","ssk_1","std_2","stxr_1","curvature_profile_1","sdq_1"
"35","eastness_1","eastness_1","TPI_1","vrm_1","std_2","stdv_1","sfd_1","sdc_1","smean_1","ssc_1","sdq_1","curvature_profile_1","sdc_1","slope_1","slope_1","northness_1","srw_1","curvature_total_1","spk_1","sv_1","spk_1","curvature_planform_1","northness_1","ssk_1","curvature_planform_1","std_2","nmodes_1","sv_1","raster.entropy_1","raster.entropy_1","srw_2","northness_1","raster.entropy_1","raster.entropy_1","sci_1"
