"func","ORNL_2018_DEM_mosaic_2025-10-22_1.tif","ORNL_2018_DEM_mosaic_2025-10-22_2.tif","ORNL_2018_DEM_mosaic_2025-10-22_3.tif","ORNL_2018_DEM_mosaic_2025-10-22_4.tif","ORNL_2018_DEM_mosaic_2025-10-22_5.tif","ORNL_2018_DEM_mosaic_2025-10-22_6.tif","ORNL_2018_DEM_mosaic_2025-10-22_7.tif","ORNL_2018_DEM_mosaic_2025-10-22_8.tif","ORNL_2018_DEM_mosaic_2025-10-22_9.tif"
"sa_1",16.4259437820389,18.739303066998,19.4641913559909,14.7878675285101,23.0731912674787,16.9417598440988,33.8015238009922,20.1026174078923,19.0263041686678
"sq_1",20.0300808461917,23.0164758713568,24.4502631368708,18.093016373227,27.1983787874566,20.7362146552442,43.9127101394757,23.7459996996474,22.1206149192019
"s10z_1",323.569000244141,336.841796875,357.792602539062,324.944995117187,362.695599365234,354.909600830078,412.714202880859,340.757391357422,362.794201660156
"sdq_1",0.223779227885823,0.295143308191377,0.299614616646338,0.279996472592221,0.267439094804597,0.335932291570757,0.324056975568245,0.354358554456996,0.29315534538125
"sdq6_1",231572.317632872,230759.720887791,227225.052124798,222452.942179302,246288.644170031,243560.467101978,234662.393595578,234842.046581232,252603.854825325
"sdr_1",0.000293877017726688,0.000393720181507413,0.000260253542372502,0.000410890130904635,0.000247024935968284,0.000504721163189802,0.000152896292124225,0.000574322108633416,0.000380074182824171
"sbi_1",0.064810944947316,0.0732423297071303,0.0772127363566626,0.0609143273819516,0.0818801601804541,0.0634513398509071,0.11715272994699,0.0739400629731058,0.0663264954559502
"sci_1",-139.952688394654,-132.660991739697,-120.8683578823,-136.357263553038,-140.23618983444,-147.847311687071,-70.1960346462091,-133.304055304558,-157.666131790611
"ssk_1",0.294369299373991,0.482517221364993,1.11230241655237,0.702572611926815,0.119645205857572,0.627634733062904,1.4444173307064,0.574342133260266,0.196759762433958
"sku_1",-0.549699903604661,-0.510102026406732,0.742673931429593,-0.344921612016144,-0.949335064313097,-0.220686472144133,0.904939134047788,-0.527122453509895,-1.05306068707584
"sds_1",0.01278478158539,0.0151431393535687,0.0122722692011338,0.013543039653894,0.0115035006247496,0.00871371153310522,0.0107027000243493,0.0127905373397054,0.0113551022634879
"sfd_1",2.00000019924638,2.00000029737898,2.0000001488065,2.00000034800418,2.00000021163406,2.00000053358936,2.00000007919913,2.00000029910092,2.00000028626693
"srw_1",10.1010101010101,10.1010101010101,10.1010101010101,10.1010101010101,10.1010101010101,10.1010101010101,10.1010101010101,10.1010101010101,10.1010101010101
"srw_2",0.0569186570888006,0.055402633483361,0.0531922647584356,0.0532300009715112,0.0618581324435418,0.0515307821891576,0.0668095415741497,0.0683503043883891,0.0584937726183218
"srw_3",101.010101010101,80.8080808080808,80.8080808080808,70.7070707070707,111.111111111111,60.6060606060606,111.111111111111,111.111111111111,90.9090909090909
"std_1",90,90,90,0,0,0,0,0,0
"std_2",0.0254050322522093,0.0285282966197022,0.0295555831150411,0.0304923164084291,0.0212551694943992,0.0344441923590387,0.0238889903021872,0.0245232062980384,0.0268755574245269
"svi_1",-44.905162700555,-44.4779207082519,-44.1207047317904,-44.273742034196,-46.9486339723877,-48.4755038700944,-44.1781497043652,-45.8803271290015,-49.8553969439762
"stxr_1",0.730865535363263,0.726363074710137,0.732276224613855,0.710355098162727,0.694405500919474,0.711425961138383,0.744582167402482,0.734367084573822,0.711727702689749
"stxr_2",0.557932909743696,0.554815446265737,0.557019869517074,0.54379967746298,0.531355083826981,0.544507440165963,0.55840322585381,0.554858755764309,0.543602215511865
"ssc_1",-0.00126935851553859,-0.0010846135656909,-0.00087817581258239,-0.00118324288494714,-0.000997386901676848,-0.00110071690651218,-0.000603547206122956,-0.00123963672923279,-0.00109734343358455
"sv_1",233.255004882812,231.805999755859,226.559997558594,227.317993164062,242.470001220703,249.225997924805,227.490005493164,236.333999633789,256.680999755859
"sph_1",325.557006835938,336.980987548828,357.889007568359,324.992004394531,362.7919921875,354.954010009766,412.803009033203,340.878997802734,362.994995117188
"sk_1",56.2040603434863,52.8768534240307,42.2131179209794,36.4522919202551,83.3243442836129,52.0156995366401,46.2039094401041,52.9240597528573,64.8536182560971
"smean_1",272.950148052598,271.825645145388,267.450882808949,262.27079183437,289.775067579877,287.111155100866,274.029366571803,276.574479660638,297.770137954215
"spk_1",25.4858861831055,42.1938113131486,76.7407556022949,49.0227748265305,30.7289528054962,45.2108473029784,132.885755028297,43.9617787357025,35.4298755813218
"svk_1",10.6129206778909,10.1049084175112,12.3759673751909,12.1999562053221,6.26996417531552,8.50195958168786,6.22394752589423,7.65996578230295,6.03098113858039
"scl_1",1033.08325195312,1026.71899414062,1035.07727050781,1004.09161376953,981.546752929688,1005.60528564453,1052.47180175781,1038.03271484375,1006.03179931641
"scl_2",1413.50659179688,1413.50659179688,1413.50659179688,1413.50659179688,1413.50659179688,1413.50659179688,1413.50659179688,1413.50659179688,1413.50659179688
"sdc_1",16.5030212402344,22.72998046875,41.2279968261719,27.968017578125,30.6189880371094,28.1490173339844,37.9700012207031,19.7269897460938,29.4840087890625
"curvature_1",0.000473211418922869,0.000696666380414794,0.000509645457113623,0.000556041412748484,0.000384418142027127,0.000504244878000031,0.00048663187479407,0.000715146689950344,0.000515456961399081
"tpi_1",1.71188806426846e-06,-3.14720618216046e-06,2.54965021078573e-05,8.91380546605329e-06,3.03062372280283e-05,-8.61555649197267e-06,1.49739131753846e-05,-4.95158378658667e-06,1.02803355130337e-05
"tri_1",0.476783040467796,0.587982294500878,0.609976508465238,0.549301861839897,0.558286186222115,0.700913901188732,0.647315515330136,0.556736426362272,0.55802055939848
"vrm_1",0.00120627549255505,0.00165279860041871,0.00157973543335169,0.00160890173889138,0.00157339335426932,0.00165804793438677,0.00192328621560782,0.0022699339645131,0.00155216586502624
"sar_1",0.980668993376,0.967232455928413,0.965384434878014,0.970730079455565,0.972537306846384,0.95587204080146,0.960663821954989,0.970581410372244,0.970911963546603
"raster.entropy_1",3.21740735141476,3.21740693204163,3.21740689184695,3.21740696794576,3.21740718451985,3.21740674052928,3.21740672431972,3.21740671018267,3.21740712964095
"AdjSD_1",0.0389691873088005,0.0424183130453887,0.0405770331922614,0.0396013707112782,0.0416895414396749,0.0410750176809227,0.0416217135483547,0.0446855065173958,0.0386527572391177
"RIE_1",0.0430526576059639,0.0464268980644359,0.0442954721428977,0.042845110812371,0.0455823261061295,0.0444722922184806,0.0448071733932334,0.0483577453111041,0.0421527488195387
"slope_1",9.88798924049936,12.0436552939674,12.6495249321394,11.3142563106364,11.6351616721808,14.7142280392122,13.4395939961938,11.0806430510774,11.5772818831514
"northness_1",-0.16260011113911,0.0319881642865132,-0.107118503969803,-0.121019109956048,-0.0549904077044563,-0.107875074518496,-0.0336362436336277,-0.103068545024423,-0.0779700894825728
"eastness_1",0.0401580925157573,0.0216330191378942,-0.112217405590702,0.0391255843088862,0.00423047992465845,-0.0267352949677899,-0.0737662746444972,0.0247439539645953,-0.0362378025364597
"TPI_1",1.92587407230105e-06,-3.54060695491909e-06,2.86835648713487e-05,1.00280311493188e-05,3.40945168815375e-05,-9.69250105347186e-06,1.68456523223041e-05,-5.57053175992535e-06,1.15653774521611e-05
"TRI_1",0.144805623465214,0.179933122962124,0.187126854417101,0.167703510360034,0.17022986996632,0.215758971307771,0.19852721628505,0.167825126308812,0.17006394137269
"TRIriley_1",0.476965915054062,0.588377358329004,0.610249992088366,0.549647472741446,0.558664776319287,0.701337097709154,0.647596778224402,0.556959956694822,0.558245890360545
"TRIrmsd_1",0.168632916464792,0.208022809985542,0.215755953812377,0.194329727618732,0.197517825872716,0.247960108843917,0.228960036678545,0.196915081114124,0.197369727321717
"roughness_1",0.480511457159637,0.58744130845074,0.61284540119154,0.550998608954285,0.562842096459924,0.711790872876939,0.649345248522555,0.555214781364702,0.566059056601265
